XANTHUS,XAVIER,XEROX,XENIX,XENIX,XEROXED,XEBEC,XENIX,XERXES,XEROXED
XEROXES,XAVIER,XENIA,XENIA,XEBEC,XEROXING,XENIA,XEBEC,XEROX,XENIX
XENAKIS,XEROXED,XEROXING,XENAKIS,XEROXED,XEBEC,XEROXING,XENIA,XANTHUS,XENAKIS
XHOSA,XEROX,XEROX,XEROX,XENIA,XEROXING,XENIA,XENIX,XEROX,XEBEC
XENIX,XENIA,XENIX,XAVIER,XEROXES,XEROXED,XEROX,XENIA,XANTHUS,XANTHUS
XENAKIS,XENAKIS,XHOSA,XEROXED,XHOSA,XEBEC,XEBEC,XEBEC,XAVIER,XENIA
XEROXED,XAVIER,XEROXES,XHOSA,XEROXES,XENIX,XEROXING,XENAKIS,XEBEC,XHOSA
XHOSA,XERXES,XEROXES,XERXES,XENIA,XEROXING,XEBEC,XHOSA,XHOSA,XHOSA
XENIX,XHOSA,XEBEC,XAVIER,XAVIER,XENAKIS,XENAKIS,XEROX,XEBEC,XENAKIS
XENIX,XEBEC,XENIA,XEROXED,XERXES,XHOSA,XEROX,XHOSA,XAVIER,XAVIER
XENIA,XAVIER,XANTHUS,XAVIER,XENIA,XAVIER,XANTHUS,XENAKIS,XENAKIS,XEBEC
XHOSA,XEBEC,XENIA,XANTHUS,XENIA,XEBEC,XEROX,XEROXING,XEROXING,XHOSA
XENIA,XEBEC,XERXES,XEROXES,XENIX,XANTHUS,XEROX,XENAKIS,XEROX,XEBEC
XEROXING,XERXES,XHOSA,XEROXING,XEROX,XEROXING,XEROX,XEBEC,XEROX,XERXES
XENAKIS,XENIA,XENAKIS,XEROXES,XAVIER,XEBEC,XEROX,XANTHUS,XENAKIS,XHOSA
XAVIER,XERXES,XENIX,XHOSA,XAVIER,XENIX,XENIX,XHOSA,XAVIER,XERXES
XHOSA,XEROXES,XANTHUS,XEROXES,XENIX,XEROXING,XERXES,XEROX,XAVIER,XEROXING
XEROXED,XERXES,XANTHUS,XEROXES,XENIA,XENIX,XEBEC,XANTHUS,XEROX,XEROX
XAVIER,XENIA,XHOSA,XENAKIS,XEROXED,XENIX,XEROXES,XEROXING,XEBEC,XAVIER
XEROXING,XENAKIS,XENIA,XAVIER,XHOSA,XHOSA,XENAKIS,XERXES,XAVIER,XENIA
XENIA,XEROXING,XEROXES,XHOSA,XERXES,XENIA,XEROXES,XAVIER,XENAKIS,XANTHUS
XHOSA,XHOSA,XAVIER,XENIX,XHOSA,XHOSA,XEROX,XHOSA,XERXES,XANTHUS
XENIA,XANTHUS,XHOSA,XAVIER,XEROX,XEROXING,XEROXING,XEROXING,XENIX,XAVIER
XENAKIS,XAVIER,XENAKIS,XEROXED,XANTHUS,XEROXING,XEROX,XANTHUS,XENIX,XENIX
XENIX,XENAKIS,XEROXED,XANTHUS,XENAKIS,XENIA,XANTHUS,XENAKIS,XAVIER,XEROXES
XERXES,XEROXED,XANTHUS,XENIA,XANTHUS,XANTHUS,XAVIER,XERXES,XAVIER,XHOSA
XEROX,XEROXES,XENAKIS,XEROXED,XAVIER,XEROX,XAVIER,XEROXED,XEROX,XENIA
XEROXES,XANTHUS,XHOSA,XENAKIS,XHOSA,XENAKIS,XEROX,XEBEC,XEROXES,XENAKIS
XENIX,XEROX,XHOSA,XAVIER,XAVIER,XERXES,XENIA,XEROXES,XEROXED,XAVIER
XENIX,XEROX,XEBEC,XENAKIS,XEBEC,XANTHUS,XEROXED,XERXES,XAVIER,XEROX
XEROXING,XENIX,XERXES,XHOSA,XHOSA,XEROXED,XERXES,XEBEC,XEROXED,XEROX
XEROX,XEROX,XANTHUS,XENIX,XERXES,XHOSA,XENAKIS,XEROX,XHOSA,XEROX
XERXES,XENIA,XENIX,XENIX,XENAKIS,XERXES,XENAKIS,XANTHUS,XEROX,XENAKIS
XHOSA,XEROXING,XENAKIS,XEBEC,XEROX,XENIX,XEROXING,XEROXES,XENIA,XENAKIS
XEROXED,XENAKIS,XEROXED,XENIX,XEBEC,XEROXED,XANTHUS,XHOSA,XHOSA,XEROXES
XENIX,XENAKIS,XEROX,XENIX,XEBEC,XANTHUS,XEROXES,XHOSA,XENAKIS,XEROXING
XEROXED,XEROXED,XAVIER,XEROXED,XEROXED,XENIA,XEROXES,XEBEC,XEROXES,XEROXED
XEROXED,XEROXED,XENAKIS,XENIX,XEBEC,XERXES,XERXES,XENIA,XEROXES,XEROXES
XEROX,XENIX,XEBEC,XENIA,XENIA,XENAKIS,XENIX,XHOSA,XEBEC,XENAKIS
XEROXES,XANTHUS,XEROXED,XENIX,XHOSA,XEROXING,XENIA,XEROXES,XEBEC,XEROXED
XEROXES,XEROXES,XEBEC,XEROXED,XEROXES,XENAKIS,XENIX,XAVIER,XEBEC,XENAKIS
XEROXING,XEROXED,XEROXING,XEROX,XEROXED,XEROXING,XEROXES,XANTHUS,XENAKIS,XENIA
XENAKIS,XENAKIS,XENIA,XHOSA,XAVIER,XAVIER,XEROXES,XANTHUS,XEROX,XHOSA
XEROX,XEROXING,XANTHUS,XEROXING,XEROXED,XEROXING,XAVIER,XEROXES,XHOSA,XEBEC
XEROXES,XEROX,XENAKIS,XENIA,XENIX,XERXES,XERXES,XEBEC,XENIA,XERXES
XENAKIS,XENIA,XENIA,XANTHUS,XENAKIS,XENIX,XERXES,XENAKIS,XEROXING,XEBEC
XHOSA,XEROXED,XANTHUS,XANTHUS,XERXES,XERXES,XEROXES,XENIX,XEROXING,XEROXED
XEROXING,XEROXED,XEROX,XENIA,XENIA,XANTHUS,XENAKIS,XEROXED,XEBEC,XANTHUS
XENIX,XANTHUS,XEROX,XEBEC,XANTHUS,XENIA,XHOSA,XENIA,XAVIER,XANTHUS
XEROXES,XEROXING,XENIA,XHOSA,XEBEC,XERXES,XANTHUS,XEROX,XEROX,XHOSA
XEROXING,XENIX,XEBEC,XEBEC,XEROXED,XHOSA,XANTHUS,XEBEC,XAVIER,XEBEC
XEROXED,XEROXES,XEROXING,XENAKIS,XEROXING,XANTHUS,XERXES,XENIA,XEROX,XEROX
XHOSA,XENAKIS,XEROXED,XEROX,XANTHUS,XANTHUS,XHOSA,XERXES,XEBEC,XEBEC
XANTHUS,XEROXING,XENIX,XEROXES,XAVIER,XENIA,XEBEC,XEROX,XAVIER,XEROXES
XEROXES,XAVIER,XEROXING,XAVIER,XHOSA,XENAKIS,XANTHUS,XENIX,XENAKIS,XAVIER
XEBEC,XENIX,XEBEC,XEROX,XEROXED,XEROXES,XEROX,XEROXES,XENAKIS,XENIA
XERXES,XEROXES,XEROX,XEROXED,XERXES,XHOSA,XEROX,XEROXES,XEBEC,XERXES
XEROXED,XENAKIS,XEROX,XEROX,XERXES,XANTHUS,XEROXES,XEROXING,XERXES,XEROXING
XENIX,XENIA,XEBEC,XEROX,XENAKIS,XEBEC,XAVIER,XEROXES,XEROXED,XEROXED
XENAKIS,XEROXES,XAVIER,XENIX,XENIA,XAVIER,XENIX,XEROX,XENAKIS,XENIX
XENIA,XEROXES,XEROXES,XEROX,XEROXED,XEROX,XANTHUS,XEBEC,XENIA,XANTHUS
XEROXES,XEBEC,XAVIER,XEROXING,XAVIER,XANTHUS,XEROX,XHOSA,XENIX,XHOSA
XERXES,XENIA,XENIX,XEROXING,XERXES,XAVIER,XEROXED,XENIX,XENIX,XHOSA
XENAKIS,XENIA,XENIX,XEROX,XHOSA,XEBEC,XENIA,XERXES,XHOSA,XEROXES
XEROXED,XEROXED,XEROX,XHOSA,XEROXING,XANTHUS,XANTHUS,XEROXED,XENAKIS,XENAKIS
XEROXED,XENAKIS,XHOSA,XEROXES,XEROXES,XENIX,XAVIER,XEROXES,XEROX,XEROXING
XEROXED,XEROXED,XENIA,XEROXED,XEBEC,XEROXED,XHOSA,XERXES,XEROXES,XEROXED
XEROXING,XERXES,XEROX,XEROXES,XENIA,XENIX,XENIA,XHOSA,XENIX,XEROXES
XEBEC,XEROXED,XEROX,XAVIER,XENAKIS,XANTHUS,XENAKIS,XANTHUS,XANTHUS,XERXES
